<?xml version="1.0" encoding="UTF-8"?>
<project-private xmlns="http://www.netbeans.org/ns/project-private/1">
    <editor-bookmarks xmlns="http://www.netbeans.org/ns/editor-bookmarks/2" lastBookmarkId="0"/>
    <open-files xmlns="http://www.netbeans.org/ns/projectui-open-files/2">
        <group>
            <file>file:/C:/Users/user/Downloads/P03-serialization/P03-serialization/src/serialisasi/ProductItem.java</file>
            <file>file:/C:/Users/user/Downloads/P03-serialization/P03-serialization/src/serialisasi/Product.java</file>
            <file>file:/C:/Users/user/Downloads/P03-serialization/P03-serialization/src/serialisasi/AddProduct.java</file>
            <file>file:/C:/Users/user/Downloads/P03-serialization/P03-serialization/src/serialisasi/MainForm.java</file>
        </group>
    </open-files>
</project-private>
